{"stats":{"minecraft:broken":{"minecraft:iron_boots":1,"minecraft:iron_chestplate":1,"minecraft:iron_sword":4,"minecraft:chainmail_leggings":1,"aether:iron_gloves":1,"minecraft:chainmail_helmet":1,"minecraft:iron_pickaxe":1,"iceandfire:silver_axe":3,"minecraft:iron_shovel":1,"minecraft:golden_shovel":1,"iceandfire:silver_pickaxe":4,"minecraft:stone_pickaxe":1,"minecraft:stone_axe":1,"aether:chainmail_gloves":1},"minecraft:mined":{"minecraft:white_bed":1,"thermal:cinnabar_ore":2,"thermal:tin_ore":7,"born_in_chaos_v1:dark_metal_deposit":7,"minecraft:spawner":30,"minecraft:weeping_vines_plant":2,"minecraft:fire":6,"minecraft:barrel":2,"minecraft:pumpkin":41,"minecraft:fletching_table":2,"minecraft:deepslate_lapis_ore":17,"thermal:corn":84,"minecraft:cave_vines":11,"minecraft:dead_tube_coral":1,"minecraft:dirt_path":8,"minecraft:water_cauldron":1,"thermal:eggplant":5,"minecraft:spruce_wood":1,"born_in_chaos_v1:black_argillite_n":1,"minecraft:iron_block":2,"create:limestone":224,"minecraft:tripwire":1,"minecraft:smoker":6,"minecraft:amethyst_cluster":14,"minecraft:torch":11,"minecraft:blast_furnace":7,"minecraft:melon":16,"minecraft:polished_andesite_stairs":2,"minecraft:glass":1,"minecraft:sugar_cane":30,"minecraft:damaged_anvil":1,"minecraft:amethyst_block":74,"minecraft:chain":5,"minecraft:wheat":147,"minecraft:jukebox":3,"minecraft:stone_brick_stairs":28,"minecraft:grass":75,"thermal:niter_ore":4,"minecraft:loom":4,"minecraft:smooth_basalt":43,"minecraft:stonecutter":2,"thermal:barley":3,"minecraft:deepslate":16,"thermal:deepslate_apatite_ore":4,"create:zinc_ore":81,"iceandfire:silver_ore":44,"minecraft:mossy_cobblestone":1,"minecraft:dark_oak_log":3,"dynamictrees:spruce_sapling":2,"minecraft:allium":1,"minecraft:spruce_fence":36,"iceandfire:deepslate_silver_ore":1,"thermal:deepslate_nickel_ore":1,"minecraft:potted_bamboo":1,"minecraft:moss_block":12,"minecraft:cartography_table":2,"dynamictrees:oak_leaves":59,"minecraft:redstone_ore":13,"minecraft:andesite":69,"dynamictrees:spruce_leaves":12,"minecraft:big_dripleaf_stem":1,"minecraft:potatoes":70,"minecraft:vine":4,"minecraft:bamboo":9,"minecraft:smithing_table":2,"minecraft:glass_pane":6,"minecraft:soul_sand":32,"minecraft:dandelion":1,"minecraft:emerald_ore":1,"minecraft:campfire":7,"minecraft:tall_grass":11,"minecraft:copper_ore":73,"minecraft:deepslate_gold_ore":32,"minecraft:diorite":6,"minecraft:big_dripleaf":3,"thermal:rice":15,"minecraft:spruce_log":218,"thermal:radish":5,"thermal:silver_ore":8,"minecraft:gravel":72,"minecraft:cobweb":49,"minecraft:stone_bricks":161,"minecraft:chipped_anvil":1,"minecraft:gold_ore":8,"thermal:deepslate_sulfur_ore":4,"minecraft:fern":5,"thermal:deepslate_tin_ore":5,"minecraft:large_amethyst_bud":4,"create:deepslate_zinc_ore":83,"minecraft:spruce_planks":105,"minecraft:attached_melon_stem":1,"thermal:sulfur_ore":20,"sophisticatedbackpacks:gold_backpack":1,"minecraft:brewing_stand":2,"minecraft:cave_vines_plant":7,"minecraft:budding_amethyst":5,"minecraft:grass_block":37,"minecraft:dead_tube_coral_block":4,"refurbished_furniture:oak_storage_cabinet":11,"minecraft:iron_ore":184,"comforts:sleeping_bag_red":1,"minecraft:anvil":1,"create:asurine":60,"minecraft:azalea":3,"minecraft:spruce_slab":62,"minecraft:deepslate_redstone_ore":32,"minecraft:blackstone":40,"minecraft:soul_lantern":1,"thermal:sadiroot":4,"minecraft:calcite":431,"minecraft:poppy":4,"minecraft:chest":10,"minecraft:cobblestone":25,"minecraft:grindstone":1,"minecraft:wall_torch":47,"minecraft:cauldron":5,"minecraft:dark_oak_slab":2,"refurbished_furniture:light_electricity_generator":3,"minecraft:tnt":5,"minecraft:smooth_stone_slab":3,"minecraft:sand":98,"minecraft:dirt":71,"thermal:nickel_ore":5,"minecraft:oak_leaves":43,"alexscaves:spelunkery_table":3,"minecraft:tuff":2,"minecraft:deepslate_diamond_ore":28,"born_in_chaos_v1:infected_diamond_ore":1,"minecraft:chiseled_bookshelf":4,"minecraft:weeping_vines":1,"create:cut_calcite":383,"minecraft:spore_blossom":2,"thermal:strawberry":1,"minecraft:furnace":12,"minecraft:carrots":69,"minecraft:stripped_spruce_log":1,"minecraft:peony":6,"minecraft:bell":1,"minecraft:bookshelf":163,"minecraft:deepslate_iron_ore":111,"minecraft:lantern":9,"refurbished_furniture:light_range_hood":4,"minecraft:stone":1253,"minecraft:flowering_azalea":5,"born_in_chaos_v1:marigolds":1,"minecraft:spruce_door":4,"thermal:apatite_ore":5,"minecraft:crafting_table":22,"born_in_chaos_v1:black_argillite_brick_n":1,"minecraft:lapis_ore":6,"refurbished_furniture:workbench":1,"minecraft:spruce_stairs":313,"minecraft:birch_planks":84,"minecraft:dead_brain_coral_block":1,"minecraft:coal_ore":346,"minecraft:small_dripleaf":1},"minecraft:killed_by":{"alexsmobs:centipede_head":1,"born_in_chaos_v1:bone_imp_minion":1},"minecraft:crafted":{"minecraft:black_dye":1,"minecraft:smooth_stone":32,"minecraft:oak_sign":3,"minecraft:birch_slab":12,"refurbished_furniture:spatula":1,"minecraft:loom":1,"refurbished_furniture:birch_cutting_board":1,"refurbished_furniture:knife":1,"sophisticatedbackpacks:crafting_upgrade":1,"minecraft:bookshelf":15,"minecraft:cooked_mutton":10,"aquaculture:fish_fillet_raw":366,"minecraft:glass":98,"iceandfire:silver_axe":3,"minecraft:spruce_door":9,"minecraft:smithing_table":1,"minecraft:copper_ingot":438,"minecraft:fletching_table":1,"minecraft:campfire":8,"minecraft:painting":7,"minecraft:cartography_table":1,"aquaculture:iron_fillet_knife":2,"born_in_chaos_v1:smoked_flesh":16,"minecraft:iron_pickaxe":1,"minecraft:iron_block":24,"minecraft:gold_ingot":95,"comforts:sleeping_bag_red":1,"thermal:cooked_corn":167,"minecraft:smooth_stone_slab":6,"comforts:sleeping_bag_white":2,"refurbished_furniture:frying_pan":1,"minecraft:bone_meal":69,"minecraft:spruce_fence":48,"minecraft:spruce_stairs":396,"refurbished_furniture:workbench":1,"minecraft:spruce_slab":150,"minecraft:stone_pickaxe":1,"minecraft:spruce_boat":1,"minecraft:redstone_block":41,"refurbished_furniture:oak_kitchen_cabinetry":4,"minecraft:dark_oak_planks":12,"sophisticatedbackpacks:gold_backpack":4,"minecraft:bone":6,"minecraft:orange_dye":3,"comforts:sleeping_bag_orange":1,"minecraft:wooden_axe":1,"minecraft:iron_shovel":2,"minecraft:armor_stand":6,"minecraft:white_bed":3,"iceandfire:silver_pickaxe":5,"minecraft:oak_planks":260,"minecraft:barrel":4,"refurbished_furniture:light_microwave":1,"minecraft:stone":618,"refurbished_furniture:oak_storage_cabinet":8,"minecraft:bow":2,"minecraft:chest":36,"minecraft:copper_block":24,"refurbished_furniture:light_toaster":1,"minecraft:smoker":1,"refurbished_furniture:light_electricity_generator":1,"minecraft:item_frame":8,"sophisticatedbackpacks:backpack":2,"minecraft:crafting_table":8,"minecraft:spruce_planks":1323,"minecraft:wooden_pickaxe":2,"minecraft:gold_block":9,"minecraft:birch_planks":724,"sophisticatedbackpacks:upgrade_base":1,"refurbished_furniture:light_fridge":1,"minecraft:paper":30,"minecraft:diamond_pickaxe":1,"minecraft:yellow_dye":1,"minecraft:stick":148,"minecraft:iron_ingot":320,"minecraft:shears":1,"minecraft:furnace":8,"minecraft:blast_furnace":4,"refurbished_furniture:light_stove":1,"minecraft:glass_pane":96,"minecraft:iron_axe":1,"minecraft:spruce_wood":6,"minecraft:iron_hoe":1,"born_in_chaos_v1:fried_maggot":19,"minecraft:chiseled_bookshelf":19,"aquaculture:fish_fillet_cooked":292,"sophisticatedbackpacks:iron_backpack":1,"refurbished_furniture:oak_kitchen_drawer":2,"minecraft:cooked_beef":28,"minecraft:red_dye":3,"iceandfire:silver_ingot":25,"minecraft:iron_sword":1,"refurbished_furniture:light_range_hood":1,"minecraft:golden_shovel":1,"minecraft:bucket":3,"minecraft:stone_axe":1,"minecraft:bread":13,"minecraft:air":0,"refurbished_furniture:wrench":1,"minecraft:white_dye":15,"minecraft:stonecutter":2,"minecraft:anvil":1,"minecraft:torch":548,"create:zinc_ingot":163,"minecraft:lapis_lazuli":18,"minecraft:lapis_block":22},"minecraft:custom":{"minecraft:interact_with_crafting_table":162,"minecraft:open_barrel":157,"minecraft:leave_game":8,"minecraft:time_since_death":47729,"minecraft:damage_blocked_by_shield":2210,"minecraft:play_time":974371,"minecraft:deaths":3,"minecraft:jump":9321,"minecraft:enchant_item":4,"minecraft:interact_with_furnace":206,"minecraft:play_record":4,"minecraft:interact_with_cartography_table":4,"minecraft:sleep_in_bed":51,"minecraft:damage_dealt":51138,"tombstone:undead_killed":171,"minecraft:interact_with_smoker":139,"minecraft:interact_with_smithing_table":5,"minecraft:damage_dealt_absorbed":163,"minecraft:sneak_time":59826,"minecraft:interact_with_blast_furnace":72,"minecraft:total_world_time":974371,"tombstone:raider_killed":2,"minecraft:interact_with_stonecutter":21,"minecraft:time_since_rest":5844,"minecraft:swim_one_cm":97873,"minecraft:fly_one_cm":1513792,"minecraft:open_chest":913,"minecraft:fall_one_cm":212513,"minecraft:animals_bred":65,"minecraft:damage_resisted":251,"minecraft:sprint_one_cm":2411869,"minecraft:drop":127,"minecraft:talked_to_villager":9,"minecraft:interact_with_brewingstand":2,"minecraft:walk_on_water_one_cm":72433,"minecraft:interact_with_loom":27,"minecraft:crouch_one_cm":357198,"minecraft:mob_kills":302,"minecraft:damage_dealt_resisted":2484,"minecraft:climb_one_cm":376,"minecraft:walk_one_cm":3372050,"minecraft:walk_under_water_one_cm":53966,"minecraft:pot_flower":1,"minecraft:interact_with_grindstone":3,"minecraft:damage_taken":6706,"minecraft:trigger_trapped_chest":4},"minecraft:used":{"minecraft:moss_block":7,"minecraft:spruce_slab":120,"minecraft:chest":41,"minecraft:stone":45,"minecraft:soul_sand":7,"born_in_chaos_v1:anluka_doors":1,"minecraft:spruce_boat":3,"born_in_chaos_v1:smoked_flesh":21,"minecraft:dark_oak_slab":1,"minecraft:stone_brick_stairs":177,"minecraft:furnace":14,"minecraft:potato":70,"minecraft:spruce_door":12,"patchouli:guide_book":3,"minecraft:blackstone":40,"refurbished_furniture:light_stove":1,"minecraft:wooden_pickaxe":4,"minecraft:oak_leaves":77,"minecraft:glow_berries":15,"minecraft:blast_furnace":9,"iceandfire:silver_pickaxe":2288,"minecraft:birch_slab":8,"minecraft:spore_blossom":2,"minecraft:smithing_table":2,"create:limestone":215,"minecraft:armor_stand":13,"refurbished_furniture:light_fridge":1,"create:cut_calcite":747,"born_in_chaos_v1:fried_maggot":6,"minecraft:torch":676,"minecraft:brewing_stand":1,"thermal:eggplant_seeds":8,"minecraft:anvil":2,"minecraft:chainmail_chestplate":1,"minecraft:golden_shovel":32,"minecraft:small_dripleaf":1,"thermal:corn":26,"minecraft:flowering_azalea":4,"minecraft:iron_axe":213,"refurbished_furniture:light_toaster":1,"minecraft:melon_seeds":1,"thermal:barley_seeds":6,"minecraft:barrel":4,"minecraft:smooth_basalt":34,"minecraft:bamboo":41,"tombstone:gift":7,"comforts:sleeping_bag_white":10,"minecraft:cobbled_deepslate":21,"sophisticatedbackpacks:gold_backpack":1,"minecraft:calcite":20,"minecraft:wheat_seeds":157,"minecraft:water_bucket":24,"minecraft:chiseled_bookshelf":19,"thermal:rice_seeds":16,"minecraft:birch_planks":614,"minecraft:cartography_table":3,"minecraft:cauldron":6,"minecraft:fletching_table":3,"minecraft:vine":4,"minecraft:crafting_table":28,"minecraft:campfire":8,"minecraft:white_bed":3,"minecraft:spruce_log":536,"minecraft:diamond_pickaxe":1436,"minecraft:iron_pickaxe":250,"thermal:strawberry_seeds":2,"minecraft:enchanted_book":23,"minecraft:cobblestone":335,"minecraft:glass_pane":89,"minecraft:jukebox":3,"minecraft:iron_shovel":362,"minecraft:oak_sign":3,"minecraft:shield":77,"minecraft:iron_sword":987,"minecraft:iron_chestplate":2,"minecraft:carrot":148,"thermal:cooked_corn":38,"minecraft:big_dripleaf":1,"minecraft:glass":30,"thermal:sadiroot_seeds":5,"minecraft:spruce_wood":4,"minecraft:lantern":7,"refurbished_furniture:light_microwave":1,"minecraft:stone_bricks":483,"minecraft:item_frame":8,"aquaculture:fish_fillet_cooked":82,"dynamictrees:spruce_seed":117,"thermal:corn_seeds":361,"minecraft:stone_pickaxe":131,"minecraft:sugar_cane":6,"minecraft:loom":5,"minecraft:crossbow":24,"iceandfire:silver_axe":1113,"minecraft:shears":89,"refurbished_furniture:light_range_hood":5,"minecraft:bread":13,"minecraft:string":1,"tombstone:grave_key":2,"minecraft:gravel":32,"minecraft:torchflower_seeds":1,"minecraft:grindstone":1,"minecraft:andesite":12,"minecraft:bone_meal":21,"minecraft:azalea":2,"refurbished_furniture:oak_storage_cabinet":15,"minecraft:trident":61,"minecraft:music_disc_otherside":3,"comforts:sleeping_bag_red":35,"minecraft:spruce_planks":382,"thermal:radish_seeds":6,"dynamictrees:oak_seed":1,"refurbished_furniture:birch_cutting_board":1,"minecraft:dirt":53,"minecraft:spruce_stairs":702,"minecraft:spruce_fence":81,"refurbished_furniture:frying_pan":1,"minecraft:iron_hoe":13,"minecraft:stone_brick_slab":4,"minecraft:wooden_axe":1,"minecraft:bookshelf":15,"dynamictrees:birch_seed":17,"minecraft:iron_boots":1,"alexscaves:spelunkery_table":2,"minecraft:cooked_beef":10,"minecraft:cooked_mutton":8,"minecraft:amethyst_block":1,"minecraft:baked_potato":1,"minecraft:stonecutter":3,"refurbished_furniture:oak_kitchen_drawer":2,"minecraft:painting":65,"minecraft:smoker":6,"tombstone:bag_of_seeds":2,"minecraft:flower_pot":1,"refurbished_furniture:light_electricity_generator":4,"minecraft:stone_axe":58,"refurbished_furniture:workbench":2,"refurbished_furniture:oak_kitchen_cabinetry":2,"minecraft:bucket":27,"alexsmobs:animal_dictionary":9},"minecraft:killed":{"minecraft:cave_spider":6,"born_in_chaos_v1:restless_spirit":2,"born_in_chaos_v1:zombie_lumberjack":2,"born_in_chaos_v1:skeleton_demoman":1,"born_in_chaos_v1:siamese_skeletonsright":1,"born_in_chaos_v1:baby_skeleton_minion":6,"minecraft:skeleton":30,"alexsmobs:centipede_head":1,"born_in_chaos_v1:supreme_bonescaller_stage_2":1,"minecraft:pillager":2,"minecraft:zombie":99,"minecraft:cow":12,"born_in_chaos_v1:bone_imp_minion":5,"born_in_chaos_v1:decrepit_skeleton":6,"born_in_chaos_v1:dark_vortex":1,"minecraft:enderman":4,"born_in_chaos_v1:lifestealer_true_form":1,"minecraft:spider":23,"minecraft:bee":1,"born_in_chaos_v1:firelight_not_despawn":1,"artifacts:mimic":1,"minecraft:pig":2,"minecraft:zombie_villager":1,"born_in_chaos_v1:diamond_termite":2,"minecraft:creeper":6,"minecraft:sheep":20,"minecraft:trader_llama":4,"born_in_chaos_v1:dread_hound":3,"minecraft:stray":10,"alexsmobs:fly":1,"born_in_chaos_v1:siamese_skeletonsleft":1,"born_in_chaos_v1:missioner":1,"born_in_chaos_v1:zombie_bruiser":1,"born_in_chaos_v1:maggot":32,"born_in_chaos_v1:baby_skeleton":4,"minecraft:squid":1,"born_in_chaos_v1:bonescaller_not_despawn":2},"minecraft:picked_up":{"minecraft:iron_chestplate":2,"minecraft:chainmail_boots":1,"minecraft:flower_pot":1,"minecraft:anvil":1,"minecraft:smithing_table":1,"minecraft:lead":4,"minecraft:brewing_stand":2,"minecraft:amethyst_block":71,"minecraft:string":109,"create:limestone":222,"thermal:barley_seeds":9,"minecraft:cobbled_deepslate":21,"born_in_chaos_v1:charmof_power":1,"minecraft:spruce_planks":175,"thermal:eggplant":5,"minecraft:melon_slice":80,"minecraft:mangrove_log":1,"minecraft:jukebox":3,"minecraft:big_dripleaf":8,"thermal:sadiroot_seeds":15,"minecraft:acacia_log":2,"minecraft:cherry_log":2,"alexsmobs:centipede_leg":2,"minecraft:cauldron":6,"thermal:apatite":185,"aquaculture:fish_fillet_cooked":6,"minecraft:tropical_fish":2,"minecraft:iron_block":2,"thermal:radish_seeds":18,"minecraft:birch_log":205,"born_in_chaos_v1:staffof_magic_arrows":1,"born_in_chaos_v1:spiritual_dust":3,"minecraft:smoker":6,"minecraft:flint":3,"refurbished_furniture:spatula":1,"born_in_chaos_v1:anluka_doors":1,"minecraft:lantern":9,"born_in_chaos_v1:marigolds":1,"minecraft:chipped_anvil":1,"minecraft:stonecutter":2,"minecraft:moss_block":10,"refurbished_furniture:knife":1,"minecraft:stripped_spruce_log":1,"minecraft:ink_sac":1,"minecraft:loom":4,"minecraft:dark_oak_log":3,"minecraft:barrel":2,"minecraft:bundle":7,"thermal:eggplant_seeds":15,"minecraft:chainmail_helmet":1,"alexsmobs:maggot":2,"iceandfire:raw_silver":45,"sophisticatedbackpacks:gold_backpack":1,"create:cut_calcite":383,"minecraft:crafting_table":23,"born_in_chaos_v1:smoked_monster_flesh":2,"born_in_chaos_v1:seedof_chaos":8,"thermal:strawberry":1,"thermal:raw_nickel":6,"born_in_chaos_v1:intoxicating_decoction":1,"thermal:radish":5,"minecraft:cartography_table":2,"minecraft:music_disc_otherside":5,"minecraft:beef":25,"born_in_chaos_v1:gnawed_bones":1,"thermal:niter":17,"minecraft:poppy":4,"minecraft:spruce_slab":64,"minecraft:chest":10,"minecraft:egg":1,"thermal:sadiroot":5,"minecraft:spruce_fence":36,"born_in_chaos_v1:pieceofdarkmetal":15,"minecraft:carrot":207,"minecraft:redstone":301,"minecraft:tnt":4,"minecraft:peony":4,"tombstone:essence_of_undeath":1,"minecraft:glow_berries":15,"minecraft:mutton":30,"minecraft:white_wool":37,"born_in_chaos_v1:monster_flesh":2,"minecraft:oak_log":65,"minecraft:paper":49,"tombstone:gift":1,"minecraft:white_banner":1,"minecraft:stone_bricks":168,"thermal:corn":153,"minecraft:spore_blossom":2,"tombstone:bag_of_seeds":3,"minecraft:iron_sword":1,"minecraft:flowering_azalea":5,"minecraft:polished_andesite_stairs":2,"minecraft:smooth_basalt":36,"minecraft:dark_oak_slab":2,"thermal:strawberry_seeds":2,"born_in_chaos_v1:orbofthe_summoner":1,"born_in_chaos_v1:ethereal_spirit":7,"minecraft:gravel":67,"refurbished_furniture:workbench":1,"minecraft:spruce_log":900,"minecraft:painting":55,"minecraft:melon_seeds":3,"minecraft:ender_pearl":4,"refurbished_furniture:oak_storage_cabinet":11,"minecraft:wheat":146,"minecraft:stone_brick_stairs":28,"minecraft:raw_copper":524,"minecraft:smooth_stone_slab":2,"minecraft:iron_leggings":1,"minecraft:armor_stand":7,"thermal:sulfur":148,"comforts:sleeping_bag_white":10,"minecraft:red_dye":1,"minecraft:calcite":428,"minecraft:azalea":3,"dynamictrees:oak_seed":35,"minecraft:furnace":12,"minecraft:iron_boots":5,"minecraft:tipped_arrow":5,"minecraft:stick":1146,"apotheosis:gem":12,"minecraft:spruce_stairs":313,"minecraft:torch":76,"minecraft:porkchop":3,"tombstone:grave_dust":47,"minecraft:diorite":5,"minecraft:vine":4,"thermal:flax_seeds":3,"minecraft:rotten_flesh":127,"thermal:corn_seeds":471,"create:asurine":60,"minecraft:cod":1,"minecraft:cobblestone":1229,"minecraft:andesite":62,"minecraft:potato":220,"minecraft:tuff":2,"create:raw_zinc":163,"minecraft:lapis_lazuli":232,"minecraft:dirt":140,"born_in_chaos_v1:monster_skin":3,"minecraft:bone":54,"minecraft:bow":5,"minecraft:small_dripleaf":1,"minecraft:wheat_seeds":429,"thermal:cooked_corn":1,"minecraft:raw_gold":54,"minecraft:bell":1,"minecraft:grindstone":1,"minecraft:fletching_table":2,"minecraft:bamboo":41,"thermal:raw_tin":20,"thermal:barley":3,"minecraft:cooked_porkchop":2,"minecraft:sand":98,"minecraft:grass_block":2,"born_in_chaos_v1:fire_dust":1,"minecraft:diamond":29,"minecraft:spruce_boat":3,"minecraft:soul_lantern":1,"minecraft:crossbow":1,"minecraft:bone_meal":14,"minecraft:emerald":1,"minecraft:oak_leaves":78,"minecraft:charcoal":28,"born_in_chaos_v1:diamond_termite_shard":2,"minecraft:allium":1,"minecraft:azure_bluet":1,"thermal:raw_silver":8,"dynamictrees:spruce_seed":208,"thermal:cinnabar":4,"minecraft:wooden_pickaxe":1,"minecraft:chain":7,"minecraft:shield":3,"minecraft:iron_axe":1,"minecraft:blackstone":40,"refurbished_furniture:light_electricity_generator":3,"minecraft:sugar_cane":128,"minecraft:raw_iron":290,"minecraft:copper_ingot":112,"minecraft:trident":1,"create:zinc_ingot":84,"thermal:peanut_seeds":1,"minecraft:weeping_vines":2,"tombstone:christmas_gift":1,"iceandfire:silver_ingot":50,"minecraft:arrow":55,"aquaculture:fish_fillet_raw":6,"comforts:sleeping_bag_red":35,"alexscaves:spelunkery_table":3,"minecraft:skeleton_skull":4,"born_in_chaos_v1:fused_bone":6,"born_in_chaos_v1:corpse_maggot":20,"minecraft:glow_ink_sac":5,"refurbished_furniture:light_range_hood":4,"minecraft:salmon":4,"minecraft:leather":16,"minecraft:birch_planks":93,"minecraft:chainmail_chestplate":3,"minecraft:gunpowder":11,"minecraft:spruce_wood":1,"minecraft:iron_ingot":32,"dynamictrees:birch_seed":67,"artifacts:kitty_slippers":1,"minecraft:soul_sand":32,"minecraft:book":1396,"thermal:rice":15,"minecraft:oak_slab":7,"minecraft:pumpkin":41,"born_in_chaos_v1:lifestealer_bone":4,"minecraft:dandelion":1,"born_in_chaos_v1:dark_rod":3,"minecraft:amethyst_shard":30,"minecraft:blast_furnace":7,"minecraft:white_bed":1,"thermal:green_bean_seeds":2,"minecraft:spruce_door":4,"minecraft:spider_eye":6,"thermal:rice_seeds":47,"minecraft:chainmail_leggings":1,"minecraft:iron_helmet":4,"tombstone:magic_scroll":6,"minecraft:damaged_anvil":1,"minecraft:coal":844},"minecraft:dropped":{"aquaculture:iron_fillet_knife":1,"minecraft:lapis_lazuli":41,"minecraft:cooked_beef":6,"minecraft:diamond":1,"minecraft:crafting_table":2,"thermal:corn_seeds":2,"minecraft:dirt":28,"aquaculture:fish_fillet_raw":3,"minecraft:sand":36,"thermal:peanut_seeds":1,"thermal:raw_tin":4,"alexscaves:cave_tablet":1,"minecraft:wheat":17,"minecraft:white_bed":1,"minecraft:salmon":4,"apotheosis:gem":1,"refurbished_furniture:knife":1,"thermal:rice_seeds":1,"minecraft:beef":1,"minecraft:iron_ingot":15,"thermal:onion_seeds":1,"minecraft:wheat_seeds":49,"minecraft:cobblestone":8,"minecraft:coal":122,"minecraft:cobweb":3,"minecraft:wooden_axe":1,"thermal:radish_seeds":2,"minecraft:chipped_anvil":1,"minecraft:paper":1,"minecraft:string":4,"thermal:apatite":64,"sophisticatedbackpacks:backpack":1,"minecraft:damaged_anvil":1,"minecraft:allium":1,"minecraft:peony":4,"minecraft:spruce_planks":65,"create:zinc_ingot":42,"iceandfire:silver_ingot":25,"refurbished_furniture:spatula":2,"minecraft:stone_bricks":7,"minecraft:spider_eye":1,"minecraft:birch_planks":12,"minecraft:ender_pearl":1,"dynamictrees:spruce_seed":2,"minecraft:flint":1,"thermal:green_bean_seeds":2,"minecraft:gravel":23,"dynamictrees:oak_seed":28,"born_in_chaos_v1:ethereal_spirit":2,"minecraft:cooked_mutton":2,"minecraft:poppy":1,"minecraft:melon_seeds":2,"comforts:sleeping_bag_white":1,"minecraft:oak_slab":7,"minecraft:lead":2,"minecraft:copper_ingot":56,"minecraft:grass_block":1,"thermal:barley_seeds":1,"minecraft:stick":555,"minecraft:diorite":5,"tombstone:grave_dust":8,"minecraft:iron_axe":1,"thermal:sulfur":26,"minecraft:smooth_basalt":1,"minecraft:redstone":55,"alexsmobs:maggot":2,"minecraft:raw_copper":223,"minecraft:andesite":9,"minecraft:wooden_pickaxe":3,"minecraft:raw_gold":7}},"DataVersion":3465}