{"stats":{"minecraft:mined":{"create:deepslate_zinc_ore":17,"minecraft:farmland":5,"thermal:sulfur_ore":8,"thermal:tin_ore":4,"minecraft:carved_pumpkin":10,"minecraft:obsidian":17,"minecraft:grass_block":235,"minecraft:composter":1,"minecraft:spawner":1,"minecraft:tall_seagrass":4,"minecraft:cobbled_deepslate":5,"minecraft:iron_ore":64,"minecraft:fire":8,"minecraft:barrel":2,"minecraft:pumpkin":21,"minecraft:deepslate_lapis_ore":13,"thermal:corn":1,"minecraft:dirt_path":14,"create:veridium":1,"minecraft:spruce_slab":16,"minecraft:deepslate_redstone_ore":44,"minecraft:blackstone":15,"minecraft:smoker":1,"minecraft:melon":3,"thermal:peanut":1,"minecraft:cobblestone":6,"minecraft:sugar_cane":13,"minecraft:wall_torch":2,"minecraft:wheat":52,"minecraft:pumpkin_stem":8,"minecraft:grass":187,"minecraft:dirt":14,"minecraft:smooth_basalt":1,"thermal:barley":2,"minecraft:deepslate":48,"minecraft:tuff":3,"minecraft:deepslate_diamond_ore":19,"minecraft:glow_lichen":1,"minecraft:spruce_fence":17,"minecraft:large_fern":4,"minecraft:redstone_ore":4,"thermal:strawberry":2,"minecraft:furnace":2,"minecraft:carrots":58,"minecraft:andesite":47,"minecraft:potatoes":20,"minecraft:deepslate_iron_ore":17,"minecraft:rail":1,"minecraft:stone":116,"minecraft:oak_slab":8,"thermal:bell_pepper":1,"minecraft:dandelion":1,"thermal:apatite_ore":20,"minecraft:rose_bush":1,"minecraft:stone_slab":2,"minecraft:tall_grass":23,"minecraft:copper_ore":36,"minecraft:lapis_ore":5,"thermal:green_bean":2,"minecraft:ice":1,"thermal:deepslate_silver_ore":4,"minecraft:coal_ore":142,"minecraft:gravel":55,"minecraft:dripstone_block":1,"minecraft:cobweb":2,"minecraft:stone_bricks":1,"minecraft:mossy_stone_bricks":1,"minecraft:gold_ore":7,"minecraft:fern":21},"minecraft:custom":{"minecraft:animals_bred":19,"minecraft:interact_with_crafting_table":53,"minecraft:open_barrel":130,"minecraft:leave_game":4,"minecraft:time_since_death":312768,"minecraft:damage_resisted":0,"minecraft:sprint_one_cm":1015898,"minecraft:damage_blocked_by_shield":950,"minecraft:drop":78,"minecraft:talked_to_villager":5,"minecraft:play_time":312768,"minecraft:jump":2582,"minecraft:walk_on_water_one_cm":37862,"minecraft:interact_with_furnace":35,"minecraft:play_record":4,"minecraft:interact_with_cartography_table":1,"minecraft:interact_with_loom":7,"minecraft:sleep_in_bed":6,"minecraft:damage_dealt":18750,"minecraft:crouch_one_cm":24014,"tombstone:undead_killed":55,"minecraft:interact_with_smoker":26,"minecraft:interact_with_smithing_table":1,"minecraft:mob_kills":96,"minecraft:damage_dealt_resisted":1273,"minecraft:climb_one_cm":799,"minecraft:walk_one_cm":2187892,"minecraft:sneak_time":8876,"minecraft:walk_under_water_one_cm":32909,"minecraft:interact_with_blast_furnace":11,"minecraft:total_world_time":312768,"tombstone:raider_killed":3,"minecraft:time_since_rest":16046,"minecraft:damage_taken":1913,"minecraft:damage_absorbed":27,"minecraft:trigger_trapped_chest":1,"minecraft:swim_one_cm":21333,"minecraft:fly_one_cm":493611,"minecraft:open_chest":186,"minecraft:fall_one_cm":49790},"minecraft:picked_up":{"minecraft:iron_chestplate":1,"minecraft:chainmail_boots":1,"minecraft:wheat":29,"minecraft:lead":7,"minecraft:stone_slab":4,"alexscaves:cave_tablet":1,"minecraft:enchanted_book":2,"minecraft:string":11,"minecraft:raw_copper":159,"minecraft:iron_leggings":1,"thermal:barley_seeds":22,"thermal:sulfur":26,"minecraft:cobbled_deepslate":49,"comforts:sleeping_bag_white":1,"born_in_chaos_v1:charmof_power":1,"minecraft:rose_bush":1,"thermal:eggplant":10,"dynamictrees:oak_seed":6,"minecraft:melon_slice":18,"minecraft:furnace":2,"minecraft:stick":196,"apotheosis:gem":6,"born_in_chaos_v1:shattered_skull":3,"minecraft:composter":1,"thermal:sadiroot_seeds":23,"minecraft:torch":8,"minecraft:cherry_log":2,"tombstone:grave_dust":16,"born_in_chaos_v1:nightmare_claw":1,"thermal:flax_seeds":2,"thermal:apatite":126,"minecraft:rotten_flesh":38,"thermal:corn_seeds":135,"minecraft:carved_pumpkin":11,"create:veridium":2,"thermal:radish_seeds":24,"minecraft:obsidian":17,"minecraft:cobblestone":118,"minecraft:cooked_beef":2,"minecraft:andesite":51,"minecraft:smoker":1,"minecraft:potato":76,"refurbished_furniture:spatula":1,"minecraft:flint":2,"create:raw_zinc":17,"minecraft:tuff":3,"minecraft:lapis_lazuli":129,"minecraft:dirt":281,"born_in_chaos_v1:monster_skin":7,"minecraft:bone":37,"minecraft:bow":1,"minecraft:wheat_seeds":122,"minecraft:raw_gold":7,"minecraft:mossy_stone_bricks":1,"minecraft:glowstone_dust":1,"thermal:raw_tin":4,"thermal:bell_pepper_seeds":5,"thermal:barley":7,"thermal:onion_seeds":2,"minecraft:trapped_chest":1,"minecraft:barrel":2,"thermal:peanut":2,"minecraft:bundle":3,"minecraft:diamond":19,"thermal:eggplant_seeds":2,"minecraft:crossbow":1,"minecraft:bone_meal":4,"minecraft:emerald":1,"alexsmobs:maggot":4,"iceandfire:raw_silver":1,"born_in_chaos_v1:seedof_chaos":8,"dynamictrees:spruce_seed":27,"minecraft:chain":1,"thermal:strawberry":4,"minecraft:iron_axe":1,"born_in_chaos_v1:intoxicating_decoction":1,"minecraft:iron_shovel":1,"minecraft:blackstone":47,"thermal:radish":7,"minecraft:music_disc_otherside":2,"minecraft:beef":6,"refurbished_furniture:light_electricity_generator":1,"minecraft:spruce_slab":17,"minecraft:sugar_cane":41,"minecraft:raw_iron":106,"minecraft:raw_gold_block":3,"thermal:sadiroot":7,"sophisticatedbackpacks:backpack":1,"minecraft:spruce_fence":17,"minecraft:carrot":229,"born_in_chaos_v1:pieceofdarkmetal":10,"minecraft:redstone":202,"thermal:green_bean":6,"thermal:peanut_seeds":4,"minecraft:arrow":10,"minecraft:cooked_cod":1,"tombstone:essence_of_undeath":1,"minecraft:mutton":2,"minecraft:rail":1,"minecraft:white_wool":5,"born_in_chaos_v1:fused_bone":4,"born_in_chaos_v1:corpse_maggot":14,"born_in_chaos_v1:monster_flesh":2,"minecraft:leather":4,"minecraft:oak_log":14,"minecraft:gunpowder":9,"minecraft:wooden_hoe":1,"minecraft:paper":7,"minecraft:cooked_mutton":2,"minecraft:stone_bricks":1,"thermal:corn":48,"minecraft:iron_ingot":3,"thermal:tomato_seeds":1,"tombstone:bag_of_seeds":2,"minecraft:iron_sword":1,"thermal:rice":10,"minecraft:oak_slab":8,"minecraft:pumpkin":21,"thermal:bell_pepper":1,"thermal:strawberry_seeds":3,"born_in_chaos_v1:lifestealer_bone":8,"born_in_chaos_v1:ethereal_spirit":2,"minecraft:gravel":59,"minecraft:spruce_log":89,"minecraft:white_bed":1,"thermal:green_bean_seeds":9,"minecraft:spider_eye":11,"thermal:rice_seeds":21,"minecraft:pumpkin_seeds":39,"minecraft:iron_helmet":2,"minecraft:baked_potato":1,"tombstone:magic_scroll":4,"minecraft:coal":250},"minecraft:killed":{"born_in_chaos_v1:zombie_clown":1,"minecraft:witch":1,"born_in_chaos_v1:restless_spirit":1,"born_in_chaos_v1:zombie_lumberjack":1,"minecraft:spider":8,"born_in_chaos_v1:siamese_skeletonsright":1,"minecraft:skeleton":16,"minecraft:zombie_villager":5,"minecraft:creeper":4,"minecraft:sheep":2,"minecraft:pillager":1,"minecraft:zombie":15,"born_in_chaos_v1:dread_hound":1,"born_in_chaos_v1:corpse_fly":8,"born_in_chaos_v1:door_knight":1,"minecraft:cow":3,"born_in_chaos_v1:siamese_skeletonsleft":2,"minecraft:vindicator":1,"born_in_chaos_v1:zombie_bruiser":1,"born_in_chaos_v1:maggot":5,"born_in_chaos_v1:baby_skeleton":2,"born_in_chaos_v1:decrepit_skeleton":10,"born_in_chaos_v1:nightmare_stalker":1},"minecraft:crafted":{"minecraft:oak_planks":48,"minecraft:bookshelf":5,"minecraft:cooked_mutton":2,"minecraft:melon_seeds":1,"minecraft:chest":2,"minecraft:stone_hoe":2,"minecraft:crafting_table":1,"minecraft:spruce_planks":224,"minecraft:pumpkin_seeds":20,"minecraft:book":3,"minecraft:wooden_hoe":1,"minecraft:paper":33,"minecraft:shield":1,"minecraft:stick":56,"minecraft:iron_ingot":50,"minecraft:iron_pickaxe":1,"minecraft:stone_sword":1,"minecraft:spruce_fence_gate":9,"minecraft:shears":1,"thermal:cooked_corn":12,"minecraft:stone_shovel":2,"minecraft:smooth_stone_slab":6,"minecraft:jukebox":1,"comforts:sleeping_bag_white":1,"minecraft:furnace":1,"minecraft:bone_meal":75,"minecraft:spruce_fence":72,"minecraft:spruce_slab":162,"born_in_chaos_v1:fried_maggot":9,"minecraft:stone_pickaxe":3,"minecraft:minecart":1,"sophisticatedbackpacks:iron_backpack":1,"minecraft:red_dye":2,"minecraft:cooked_cod":7,"minecraft:diamond_sword":1,"iceandfire:silver_ingot":14,"minecraft:enchanting_table":1,"minecraft:iron_sword":1,"minecraft:red_bed":1,"minecraft:cooked_salmon":3,"minecraft:bucket":1,"minecraft:stone_axe":1,"minecraft:bread":6,"minecraft:air":0,"minecraft:armor_stand":2,"minecraft:torch":192},"minecraft:broken":{"minecraft:iron_shovel":1,"minecraft:stone_pickaxe":3,"minecraft:iron_sword":1,"minecraft:stone_shovel":1,"minecraft:stone_hoe":2,"minecraft:iron_pickaxe":1},"minecraft:used":{"minecraft:iron_shovel":310,"minecraft:spruce_slab":204,"minecraft:chest":2,"minecraft:shield":31,"minecraft:iron_sword":255,"minecraft:rotten_flesh":2,"minecraft:carrot":174,"minecraft:tuff":1,"thermal:sadiroot_seeds":8,"minecraft:iron_helmet":1,"thermal:peanut_seeds":1,"minecraft:bow":8,"minecraft:furnace":3,"minecraft:cooked_cod":3,"minecraft:potato":75,"dynamictrees:spruce_seed":35,"thermal:corn_seeds":73,"minecraft:stone_pickaxe":391,"minecraft:blackstone":5,"minecraft:composter":1,"minecraft:sugar_cane":6,"minecraft:shears":7,"minecraft:pumpkin_seeds":49,"born_in_chaos_v1:monster_flesh":1,"minecraft:melon_slice":4,"minecraft:bread":9,"minecraft:diamond_sword":64,"thermal:onion_seeds":1,"minecraft:bone_meal":79,"minecraft:trident":38,"minecraft:enchanting_table":1,"minecraft:stone_sword":91,"minecraft:music_disc_otherside":4,"minecraft:carved_pumpkin":10,"minecraft:armor_stand":2,"minecraft:stone_shovel":211,"thermal:radish_seeds":9,"minecraft:cooked_salmon":1,"born_in_chaos_v1:fried_maggot":9,"minecraft:stone_hoe":290,"minecraft:torch":182,"minecraft:dirt":249,"thermal:eggplant_seeds":1,"minecraft:spruce_fence":49,"thermal:bell_pepper":1,"thermal:corn":2,"minecraft:bookshelf":5,"minecraft:iron_axe":55,"minecraft:barrel":2,"thermal:barley_seeds":6,"minecraft:melon_seeds":8,"minecraft:minecart":1,"tombstone:gift":4,"thermal:eggplant":9,"comforts:sleeping_bag_white":1,"minecraft:cooked_beef":2,"minecraft:cobbled_deepslate":9,"minecraft:pumpkin":7,"minecraft:wheat_seeds":146,"minecraft:cooked_mutton":4,"minecraft:water_bucket":36,"thermal:rice_seeds":29,"minecraft:spruce_fence_gate":1,"minecraft:rail":6,"minecraft:crafting_table":1,"minecraft:red_bed":1,"minecraft:smoker":1,"tombstone:bag_of_seeds":2,"minecraft:wooden_hoe":34,"minecraft:diamond_pickaxe":18,"minecraft:apple":5,"minecraft:iron_pickaxe":274,"thermal:strawberry_seeds":1,"tombstone:magic_scroll":7,"thermal:green_bean_seeds":2,"thermal:bell_pepper_seeds":1,"minecraft:stone_axe":28,"minecraft:cobblestone":28,"minecraft:bucket":38,"minecraft:jukebox":1},"minecraft:dropped":{"minecraft:iron_sword":1,"iceandfire:raw_silver":1,"thermal:corn_seeds":1,"minecraft:leather":1,"dynamictrees:spruce_seed":3,"minecraft:raw_gold_block":3,"thermal:flax_seeds":1,"born_in_chaos_v1:monster_flesh":1,"born_in_chaos_v1:monster_skin":7,"thermal:peanut_seeds":1,"thermal:green_bean_seeds":5,"minecraft:gravel":7,"minecraft:blackstone":9,"dynamictrees:oak_seed":6,"minecraft:cobbled_deepslate":2,"minecraft:rotten_flesh":7,"minecraft:glowstone_dust":1,"born_in_chaos_v1:seedof_chaos":8,"minecraft:gunpowder":6,"born_in_chaos_v1:corpse_maggot":5,"apotheosis:gem":3,"minecraft:spruce_slab":1,"minecraft:arrow":1,"minecraft:enchanted_book":1,"born_in_chaos_v1:intoxicating_decoction":1,"minecraft:oak_slab":1,"born_in_chaos_v1:shattered_skull":1,"minecraft:wheat_seeds":2,"born_in_chaos_v1:charmof_power":1,"minecraft:stick":1,"tombstone:magic_scroll":3,"minecraft:wooden_hoe":2,"born_in_chaos_v1:fused_bone":4,"tombstone:grave_dust":5,"minecraft:iron_leggings":1,"born_in_chaos_v1:lifestealer_bone":8,"minecraft:red_dye":1,"thermal:radish_seeds":1,"thermal:rice":1,"minecraft:paper":7,"minecraft:string":42,"alexsmobs:maggot":4,"minecraft:stone_sword":1,"thermal:apatite":8,"minecraft:stone_slab":2,"minecraft:pumpkin_seeds":1,"refurbished_furniture:light_electricity_generator":1,"thermal:sadiroot_seeds":1,"create:veridium":1,"minecraft:bundle":2,"minecraft:carved_pumpkin":1,"minecraft:spider_eye":10,"tombstone:essence_of_undeath":1}},"DataVersion":3465}