{"stats":{"minecraft:mined":{"minecraft:tuff":1,"iceandfire:silver_ore":25,"dynamictrees:spruce_sapling":1,"minecraft:grass_block":131,"minecraft:spruce_fence":5,"minecraft:oak_wall_sign":1,"minecraft:iron_ore":19,"minecraft:andesite":51,"minecraft:pumpkin":9,"minecraft:stone":109,"create:veridium":1,"minecraft:white_wool":3,"minecraft:oak_slab":63,"minecraft:smoker":1,"minecraft:crafting_table":1,"minecraft:stone_slab":63,"minecraft:tall_grass":4,"minecraft:cobblestone":5,"create:cut_andesite_wall":6,"minecraft:wall_torch":1,"minecraft:cobblestone_wall":26,"minecraft:pumpkin_stem":1,"minecraft:grass":30,"minecraft:coal_ore":61,"minecraft:gravel":8,"minecraft:sand":2,"minecraft:dirt":9,"minecraft:spruce_fence_gate":2,"minecraft:fern":3},"minecraft:crafted":{"minecraft:oak_planks":52,"minecraft:fishing_rod":1,"minecraft:iron_nugget":9,"minecraft:cooked_chicken":1,"iceandfire:silver_shovel":1,"minecraft:furnace":1,"thermal:copper_gear":1,"minecraft:stone":11,"minecraft:spruce_fence":75,"aquaculture:fish_fillet_raw":48,"minecraft:glass":2,"thermal:device_fisher":1,"minecraft:bow":1,"minecraft:iron_boots":2,"born_in_chaos_v1:fried_maggot":2,"minecraft:stone_pickaxe":1,"minecraft:cobblestone_wall":36,"minecraft:chest":1,"aquaculture:fish_fillet_cooked":37,"iceandfire:silver_axe":1,"minecraft:cooked_beef":30,"minecraft:oak_slab":102,"minecraft:arrow":42,"iceandfire:silver_ingot":23,"minecraft:cooked_porkchop":47,"minecraft:crafting_table":1,"minecraft:spruce_planks":188,"minecraft:iron_helmet":1,"minecraft:stone_axe":1,"minecraft:air":0,"thermal:redstone_servo":1,"minecraft:iron_chestplate":3,"minecraft:shield":2,"minecraft:stick":60,"born_in_chaos_v1:smoked_flesh":71,"minecraft:iron_ingot":49,"minecraft:stone_sword":1,"minecraft:spruce_fence_gate":10,"minecraft:torch":76,"iceandfire:silver_pickaxe":1,"iceandfire:silver_sword":1},"minecraft:used":{"minecraft:stone_sword":112,"iceandfire:silver_sword":78,"minecraft:tropical_fish":1,"minecraft:oak_sign":1,"create:veridium":1,"minecraft:chest":1,"minecraft:shield":11,"dynamictrees:oak_seed":1,"minecraft:cooked_chicken":1,"minecraft:torch":77,"minecraft:dirt":155,"minecraft:cobblestone_wall":67,"minecraft:spruce_fence":64,"born_in_chaos_v1:smoked_flesh":7,"minecraft:grass_block":1,"minecraft:furnace":1,"tombstone:gift":1,"minecraft:egg":1,"comforts:sleeping_bag_white":11,"minecraft:cooked_beef":4,"aquaculture:fish_fillet_cooked":21,"minecraft:pumpkin":4,"dynamictrees:spruce_seed":1,"minecraft:stone_pickaxe":124,"thermal:corn_seeds":5,"patchouli:guide_book":1,"minecraft:wooden_pickaxe":11,"minecraft:spruce_fence_gate":10,"thermal:device_fisher":1,"minecraft:white_wool":3,"minecraft:oak_slab":156,"minecraft:crafting_table":2,"minecraft:smoker":1,"iceandfire:silver_pickaxe":234,"tombstone:bag_of_seeds":1,"minecraft:stone_slab":65,"minecraft:gravel":1,"minecraft:stone_axe":90,"minecraft:enchanted_book":4,"minecraft:cobblestone":5,"create:cut_andesite_wall":37,"minecraft:cooked_porkchop":3,"minecraft:glass_pane":6,"alexsmobs:animal_dictionary":1,"iceandfire:silver_shovel":124},"minecraft:custom":{"minecraft:interact_with_smithing_table":1,"minecraft:mob_kills":72,"minecraft:interact_with_crafting_table":44,"minecraft:open_barrel":14,"minecraft:damage_dealt_resisted":15,"minecraft:leave_game":5,"minecraft:time_since_death":198354,"minecraft:damage_resisted":0,"minecraft:sprint_one_cm":429348,"minecraft:walk_one_cm":1088255,"minecraft:damage_blocked_by_shield":310,"minecraft:drop":38,"minecraft:talked_to_villager":1,"minecraft:play_time":198354,"minecraft:sneak_time":8570,"minecraft:walk_under_water_one_cm":31250,"minecraft:jump":1797,"minecraft:interact_with_blast_furnace":4,"minecraft:walk_on_water_one_cm":37026,"minecraft:total_world_time":198354,"minecraft:interact_with_furnace":57,"tombstone:raider_killed":3,"minecraft:interact_with_cartography_table":1,"minecraft:interact_with_loom":1,"minecraft:interact_with_stonecutter":4,"minecraft:sleep_in_bed":12,"minecraft:time_since_rest":1981,"minecraft:damage_taken":826,"minecraft:damage_dealt":7354,"minecraft:swim_one_cm":6222,"minecraft:fly_one_cm":251215,"minecraft:open_chest":59,"minecraft:crouch_one_cm":33662,"tombstone:undead_killed":10,"tombstone:villager_killed":1,"minecraft:interact_with_smoker":62,"minecraft:fall_one_cm":23602},"minecraft:killed":{"minecraft:spider":1,"born_in_chaos_v1:siamese_skeletonsright":1,"born_in_chaos_v1:maggot":1,"minecraft:skeleton":3,"minecraft:bee":1,"minecraft:chicken":1,"minecraft:pig":25,"born_in_chaos_v1:baby_skeleton":1,"minecraft:salmon":4,"minecraft:wandering_trader":1,"born_in_chaos_v1:decrepit_skeleton":1,"minecraft:sheep":8,"alexsmobs:gelada_monkey":1,"minecraft:trader_llama":2,"minecraft:pillager":3,"minecraft:zombie":3,"alexsmobs:terrapin":1,"born_in_chaos_v1:siamese_skeletonsleft":1,"minecraft:cow":12},"minecraft:picked_up":{"minecraft:crafting_table":1,"minecraft:allium":2,"minecraft:chicken":1,"minecraft:stone_slab":65,"dynamictrees:spruce_seed":25,"minecraft:lead":21,"minecraft:wooden_pickaxe":1,"minecraft:string":4,"minecraft:iron_leggings":1,"minecraft:oak_sign":1,"comforts:sleeping_bag_white":12,"minecraft:beef":30,"dynamictrees:oak_seed":7,"minecraft:iron_boots":1,"minecraft:egg":1,"minecraft:stick":101,"minecraft:raw_iron":19,"apotheosis:gem":2,"thermal:sadiroot_seeds":1,"minecraft:torch":1,"minecraft:spruce_fence":5,"minecraft:porkchop":44,"tombstone:grave_dust":1,"minecraft:arrow":2,"minecraft:rotten_flesh":9,"thermal:corn_seeds":27,"create:veridium":2,"minecraft:mutton":9,"minecraft:white_wool":11,"minecraft:cobblestone":115,"born_in_chaos_v1:fused_bone":2,"born_in_chaos_v1:corpse_maggot":1,"minecraft:feather":1,"minecraft:cooked_beef":7,"minecraft:andesite":52,"minecraft:salmon":4,"minecraft:leather":10,"minecraft:smoker":1,"minecraft:flint":2,"minecraft:tuff":1,"minecraft:oak_log":13,"minecraft:cobblestone_wall":14,"minecraft:dirt":155,"minecraft:white_banner":1,"minecraft:bone":12,"thermal:corn":10,"minecraft:wheat_seeds":5,"tombstone:bag_of_seeds":1,"create:cut_andesite_wall":4,"minecraft:oak_slab":77,"minecraft:cooked_porkchop":1,"minecraft:pumpkin":9,"thermal:strawberry_seeds":1,"minecraft:gravel":5,"minecraft:sand":2,"aquaculture:iron_fillet_knife":1,"minecraft:grass_block":1,"minecraft:spruce_log":47,"thermal:onion_seeds":1,"minecraft:spider_eye":1,"minecraft:bundle":3,"minecraft:spruce_fence_gate":2,"tombstone:magic_scroll":1,"minecraft:coal":84,"iceandfire:raw_silver":25},"minecraft:dropped":{"minecraft:wheat_seeds":3,"minecraft:cooked_beef":3,"minecraft:cooked_porkchop":1,"minecraft:iron_helmet":1,"minecraft:lead":2,"dynamictrees:spruce_seed":24,"minecraft:cod":1,"tombstone:grave_dust":1,"minecraft:stone_axe":1,"dynamictrees:oak_seed":6,"minecraft:cobblestone_wall":1,"minecraft:stone_sword":1,"minecraft:tuff":1,"minecraft:rotten_flesh":3,"minecraft:iron_boots":1,"thermal:strawberry_seeds":1,"thermal:sadiroot_seeds":1,"minecraft:shield":1,"create:veridium":1,"minecraft:allium":2,"minecraft:bundle":1,"minecraft:iron_chestplate":2,"apotheosis:gem":2,"minecraft:spider_eye":1,"minecraft:stone_pickaxe":1}},"DataVersion":3465}